식품명,칼로리,탄수화물,단백질,지방,섭취량
가리비,2358,113.97,197.08,119.08,1086g
가리비,932,20.62,142.76,27.25,706g
가리비,80,4.00,14.00,0.50,4 oz
가지,24,5.70,1.01,0.19,100g
가지,66,8.47,0.81,3.92,102g
가지,35,8.73,0.83,0.23,101g
가지구이,180,1.00,6.00,17.00,1 frank
가지구이,220,3.00,14.00,17.00,1 link
가지구이,100,2.00,6.00,7.00,1 link
가츠동,307,4.45,12.65,26.10,100g
가츠동,498,52.55,15.15,24.20,185g
가츠동,326,1.92,12.77,29.27,100g
간장,53,7.61,6.28,0.04,100g
간장,10,1.00,2.00,0.00,1 tbsp
간장,10,1.00,2.00,0.00,1 tbsp
갈비구이,890,34.00,91.00,43.00,1 serving
갈비구이,1120,59.00,76.00,62.00,1 serving
갈비구이,239,0.00,27.30,13.60,101g
갈비찜,210,4.00,17.00,15.00,4 ribs
갈비찜,282,0.00,16.12,23.58,100g
갈비찜,2992,40.53,206.90,215.49,965g
갈비탕,210,4.00,17.00,15.00,4 ribs
갈비탕,282,0.00,16.12,23.58,100g
갈비탕,2992,40.53,206.90,215.49,965g
감,70,18.59,0.58,0.19,100g
감,70,18.59,0.58,0.19,100g
감,127,33.50,0.80,0.40,100g
감귤주스,685,169.74,5.06,0.45,1489g
감귤주스,47,11.53,0.33,0.08,100g
감귤주스,162,40.20,1.20,0.10,100g
감자구이,718,96.73,11.19,33.76,482g
감자구이,168,31.30,2.68,3.88,162g
감자구이,178,33.70,3.13,3.87,173g
감자그라탕,718,96.73,11.19,33.76,482g
감자그라탕,168,31.30,2.68,3.88,162g
감자그라탕,178,33.70,3.13,3.87,173g
감자볶음,718,96.73,11.19,33.76,482g
감자볶음,168,31.30,2.68,3.88,162g
감자볶음,178,33.70,3.13,3.87,173g
감자샐러드,143,11.17,2.68,8.20,100g
감자샐러드,N/A,N/A,N/A,N/A,N/A
감자샐러드,1777,234.73,22.15,88.45,1326g
감자스프,257,34.89,9.14,8.72,598g
감자스프,320,19.00,14.00,23.00,1 cup
감자스프,210,36.00,7.00,4.00,1 serving
감자칩,160,15.00,2.00,10.00,11 chips
감자칩,547,49.74,6.56,37.47,100g
감자칩,160,15.00,1.00,11.00,17 chips
감자튀김,150,22.00,2.00,7.00,4 oz
감자튀김,267,33.60,3.88,13.64,100g
감자튀김,168,31.30,2.68,3.88,162g
거봉포도,70,0.00,6.00,5.00,1 egg
거봉포도,69,18.10,0.72,0.16,100g
거봉포도,67,17.15,0.63,0.35,100g
건자두,160,22.00,1.00,9.00,2 brownies
건자두,3432,470.67,34.68,163.53,1221g
건자두,150,2.00,14.00,10.00,1 serving
건크랜베리,54,13.52,0.00,0.10,100g
건크랜베리,47,12.46,0.14,0.04,100g
건크랜베리,1186,203.35,18.36,41.92,866g
건포도,N/A,N/A,N/A,N/A,N/A
건포도,60,14.00,0.00,0.00,2 tbsp
건포도,N/A,N/A,N/A,N/A,N/A
게맛살,N/A,N/A,N/A,N/A,N/A
게맛살,102,0.00,20.20,1.78,101g
게맛살,60,0.00,11.00,0.00,2 oz
게장,102,0.00,20.20,1.78,101g
게장,45,0.00,10.00,0.00,2 oz
게장,N/A,N/A,N/A,N/A,N/A
겨자소스,50,11.00,0.00,0.00,1 serving
겨자소스,154,6.21,0.65,14.10,63g
겨자소스,110,4.00,2.00,10.00,1 serving
경단,918,78.32,94.63,21.63,819g
경단,280,35.00,15.00,9.00,7 pieces
경단,1272,207.40,33.85,32.93,1026g
고구마,86,20.12,1.57,0.05,100g
고구마,135,23.71,2.30,3.88,120g
고구마,199,38.50,3.67,3.93,152g
고등어,2159,3.99,219.40,134.11,973g
고등어,165,0.00,19.13,9.27,99g
고등어,202,0.00,25.73,10.12,101g
고등어구이,170,0.00,22.00,9.00,1
고등어구이,2159,3.99,219.40,134.11,973g
고등어구이,2159,3.99,219.40,134.11,973g
고로케,1601,85.50,99.78,93.67,664g
고로케,376,49.84,12.28,13.94,296g
고로케,130,14.00,7.00,5.00,2 croquettes
고르곤졸라,100,1.00,6.00,8.00,1 oz
고르곤졸라,100,1.00,6.00,8.00,2 tbsp
고르곤졸라,N/A,N/A,N/A,N/A,N/A
고르곤졸라피자,353,2.34,21.40,28.74,100g
고르곤졸라피자,302,3.83,25.96,20.03,100g
고르곤졸라피자,1536,40.92,95.04,111.17,515g
고추,26,6.03,0.99,0.30,100g
고추,255,64.81,10.95,3.26,100g
고추,26,6.03,0.99,0.30,100g
고추장,80,18.28,3.88,0.64,200g
고추장,1350,47.37,75.99,96.56,649g
고추장,282,72.83,0.10,0.04,100g
고추장아찌,45,10.00,1.00,0.00,1 tbsp
고추장아찌,26,6.03,0.99,0.30,100g
고추장아찌,26,6.03,0.99,0.30,100g
고춧가루,15,2.00,1.00,0.50,1 tsp
고춧가루,N/A,N/A,N/A,N/A,N/A
고춧가루,26,6.03,0.99,0.30,100g
골드키위,61,14.66,1.14,0.52,100g
골드키위,90,21.00,1.00,0.50,1 serving
골드키위,50,13.00,1.00,0.00,1 serving
곱창전골,132,1.03,0.04,0.04,71g
곱창전골,76,4.80,4.44,4.33,100g
곱창전골,N/A,N/A,N/A,N/A,N/A
곶감,N/A,N/A,N/A,N/A,N/A
곶감,274,73.43,1.38,0.59,100g
곶감,N/A,N/A,N/A,N/A,N/A
과일주스,46,11.12,0.41,0.11,100g
과일주스,60,14.45,0.67,0.18,100g
과일주스,N/A,N/A,N/A,N/A,N/A
과일채소샐러드,51,11.84,0.60,0.77,90g
과일채소샐러드,415,87.16,8.44,4.83,488g
과일채소샐러드,73,12.05,0.76,2.93,97g
과일통조림,70,18.80,0.47,0.10,100g
과일통조림,46,11.86,0.46,0.01,100g
과일통조림,32,8.51,0.42,0.05,100g
구아바,68,14.32,2.55,0.95,100g
구아바,68,14.32,2.55,0.95,100g
구아바,45,10.00,1.00,0.50,1 guava
국수,138,25.16,4.54,2.07,101g
국수,210,43.00,8.00,0.50,1 cup
국수,261,40.25,7.26,7.85,165g
국화차,24,3.02,3.36,0.56,100g
국화차,24,3.01,3.36,0.56,100g
국화차,90,23.00,0.00,0.00,1 can
군고구마,1190,82.00,52.00,73.00,1 serving
군고구마,6,3.00,0.00,0.00,1 serving
군고구마,104,2.20,10.30,6.00,100g
군만두,234,14.71,13.65,13.42,586g
군만두,3856,228.54,272.71,198.92,2553g
군만두,1039,85.49,85.59,38.98,953g
군밤,70,15.00,1.00,1.00,5 pieces
군밤,245,52.96,3.17,2.20,100g
군밤,80,17.00,2.00,1.00,5 pieces
귤,35,11.00,0.50,0.25,1 orange
귤,53,13.34,0.81,0.31,100g
귤,70,18.00,1.00,0.00,2 mandarins
그라탕,132,11.27,5.06,7.59,100g
그라탕,N/A,N/A,N/A,N/A,N/A
그라탕,110,14.00,3.00,5.00,1 piece
그린올리브,25,0.00,0.00,2.50,5 olives
그린올리브,30,1.00,0.00,3.00,4 olives
그린올리브,145,3.84,1.03,15.32,100g
김,30,1.00,1.00,2.00,1 package
김,N/A,N/A,N/A,N/A,N/A
김,152,33.72,9.52,1.04,400g
김구이,27,5.17,2.10,0.28,127g
김구이,460,20.06,26.02,31.61,365g
김구이,810,25.27,54.85,53.87,574g
김밥,140,23.00,4.00,4.00,3 pieces
김밥,370,70.00,11.00,8.00,1 roll
김밥,397,71.00,12.00,5.00,1 roll
김치국,30,6.00,2.00,0.00,1 cup
김치국,15,3.00,1.00,0.00,1 oz
김치국,10,1.00,1.00,0.00,1 oz
김치볶음밥,210,45.00,4.00,1.50,1 cup
김치볶음밥,300,58.00,6.00,6.00,1 cup
김치볶음밥,1546,193.87,58.03,57.38,1023g
김치찌개,260,43.00,11.00,6.00,1 container
김치찌개,N/A,N/A,N/A,N/A,N/A
김치찌개,426,46.08,23.48,19.52,1467g
까르보나라,3410,459.24,143.74,94.81,1786g
까르보나라,440,33.00,22.00,24.00,1 cup
까르보나라,N/A,N/A,N/A,N/A,N/A
까망베르치즈,300,0.46,19.80,24.26,100g
까망베르치즈,361,1.87,23.52,28.85,100g
까망베르치즈,87,2.62,12.92,2.53,100g
깐풍기,30,6.00,2.00,0.00,1 cup
껌,268,94.80,0.00,0.40,100g
껌,247,66.08,0.00,0.30,100g
껌,5,1.00,0.00,0.00,1 piece
꼬막,N/A,N/A,N/A,N/A,N/A
꼬막,190,39.00,2.00,3.00,1 package
꼬막,1140,46.00,43.00,88.00,1 serving
꿀,304,82.40,0.30,0.00,100g
꿀,60,17.00,0.00,0.00,1 tbsp
꿀,304,82.40,0.30,0.00,100g
나가사끼짬뽕,500,83.00,9.00,15.00,1 package
나가사끼짬뽕,N/A,N/A,N/A,N/A,N/A
나가사끼짬뽕,N/A,N/A,N/A,N/A,N/A
나시고랭,386,98.94,0.00,0.00,100g
나시고랭,84,20.66,0.04,0.01,100g
나시고랭,84,20.66,0.04,0.01,100g
낙지볶음,82,2.20,14.91,1.04,100g
낙지볶음,2043,116.25,184.05,88.00,1086g
낙지볶음,164,4.40,29.82,2.08,100g
낫또,80,6.00,6.00,3.50,1 pack
낫또,100,9.00,8.00,3.50,1 pack
낫또,212,14.36,17.72,11.00,100g
냉면,339,0.00,19.43,28.36,100g
냉면,208,3.60,14.63,14.66,100g
냉면,158,17.99,7.74,5.80,586g
냉채족발,215,0.20,19.40,14.60,100g
냉채족발,232,0.00,21.94,16.05,100g
냉채족발,339,0.00,19.43,28.36,100g
노랑파프리카,289,55.74,14.76,12.95,100g
노랑파프리카,72,18.13,1.74,0.42,100g
노랑파프리카,210,41.28,5.45,5.80,170g
녹색피망,N/A,N/A,N/A,N/A,N/A
녹색피망,20,4.64,0.86,0.17,100g
녹색피망,N/A,N/A,N/A,N/A,N/A
녹즙,90,18.00,5.00,0.00,1 bottle
녹즙,25,4.00,2.00,0.00,1 serving
녹즙,50,10.00,2.00,0.00,1 cup
누텔라,200,22.00,2.00,11.00,2 tbsp
누텔라,140,18.00,2.00,7.00,2 cookies
누텔라,260,34.00,4.00,13.00,1 package
느타리버섯,35,6.43,3.34,0.44,100g
느타리버섯,22,3.28,3.09,0.34,100g
느타리버섯,56,14.39,1.56,0.22,100g
다시마,43,9.57,1.68,0.56,100g
다시마,152,33.72,9.52,1.04,400g
다시마,6,3.00,0.00,0.00,1 serving
다크초콜릿,70,6.00,1.00,4.50,2 pieces
다크초콜릿,50,6.00,1.00,4.00,1 square
다크초콜릿,170,14.00,2.00,15.00,3 squares
단감,110,18.00,2.00,3.00,1 serving
단감,140,23.00,1.00,5.00,5 cookies
단감,110,20.00,2.00,3.00,5 cookies
단호박,115,19.90,2.71,4.39,251g
단호박,N/A,N/A,N/A,N/A,N/A
단호박,26,6.50,1.00,0.10,100g
달걀,147,0.77,12.58,9.94,100g
달걀,70,0.00,6.00,5.00,1 egg
달걀,201,0.88,13.63,15.31,100g
달걀말이,2133,173.56,94.66,117.45,1212g
달걀말이,1851,179.21,47.87,106.94,1179g
달걀말이,N/A,N/A,N/A,N/A,N/A
달걀볶음밥,1719,215.44,64.45,63.73,1023g
달걀볶음밥,1546,193.87,58.03,57.38,1023g
달걀볶음밥,1630,226.38,45.66,59.16,1080g
달걀비빔밥,147,0.77,12.58,9.94,100g
달걀비빔밥,901,102.95,44.57,35.63,412g
달걀비빔밥,115,2.58,7.85,7.97,89g
달걀샌드위치,230,26.73,10.24,8.75,98g
달걀샌드위치,233,17.76,10.69,13.30,100g
달걀샌드위치,240,27.66,10.74,9.15,113g
달걀찜,147,0.77,12.58,9.94,100g
달걀찜,107,1.27,7.47,7.83,68g
달걀찜,92,1.47,7.65,5.91,71g
달걀후라이,201,0.88,13.63,15.31,100g
달걀후라이,102,0.49,7.15,7.75,53g
달걀후라이,84,0.44,7.15,5.65,50g
닭가슴살,197,0.00,29.80,7.79,101g
닭가슴살,110,0.00,23.09,1.24,100g
닭가슴살,110,0.00,23.00,2.50,4 oz
닭가슴살구이,239,0.00,27.30,13.60,101g
닭가슴살구이,N/A,N/A,N/A,N/A,N/A
닭가슴살구이,120,0.00,26.00,1.50,4 oz
닭가슴살샐러드,197,0.00,29.80,7.79,101g
닭가슴살샐러드,110,0.00,23.00,2.50,4 oz
닭가슴살샐러드,247,0.00,25.06,15.49,101g
닭가슴살시저샐러드,197,0.00,29.80,7.79,101g
닭가슴살시저샐러드,110,0.00,23.09,1.24,100g
닭가슴살시저샐러드,110,0.00,23.00,2.50,4 oz
닭갈비,247,0.00,19.61,18.10,101g
닭갈비,820,21.00,70.00,51.00,1 serving
닭갈비,1310,63.00,111.00,68.00,1 serving
닭갈비구이,890,34.00,91.00,43.00,1 serving
닭갈비구이,239,0.00,27.30,13.60,101g
닭갈비구이,197,0.00,29.80,7.78,101g
닭강정,301,0.00,25.95,20.98,101g
닭강정,239,0.00,27.30,13.60,101g
닭강정,239,0.00,27.30,13.60,101g
닭고기,197,0.00,29.80,7.79,101g
닭고기,110,0.00,23.00,2.50,4 oz
닭고기,247,0.00,25.06,15.49,101g
닭고기볶음,197,0.00,29.80,7.79,101g
닭고기볶음,110,0.00,23.00,2.50,4 oz
닭고기볶음,247,0.00,25.06,15.49,101g
닭날개,290,0.00,26.86,19.46,101g
닭날개,220,0.00,17.00,17.00,4 wings
닭날개,160,2.00,16.00,10.00,5 wings
닭날개양념구이,301,0.00,25.95,20.98,101g
닭날개양념구이,239,0.00,27.30,13.60,101g
닭날개양념구이,239,0.00,27.30,13.60,101g
닭발,215,0.20,19.40,14.60,100g
닭발,190,4.00,15.00,13.00,1 serving
닭발,215,0.20,19.40,14.60,100g
닭살채소두반장볶음,2539,177.08,198.86,115.93,2280g
닭살채소두반장볶음,2569,89.35,239.84,139.38,2284g
닭살채소두반장볶음,2633,89.35,249.43,142.30,2284g
닭살채소볶음,200,20.00,11.00,9.00,1 bowl
닭살채소볶음,250,34.00,15.00,6.00,1 meal
닭살채소볶음,390,49.00,10.00,17.00,1 package
닭찜,197,0.00,29.80,7.79,101g
닭찜,110,0.00,23.00,2.50,4 oz
닭찜,247,0.00,25.06,15.49,101g
닭파프라카볶음,2539,177.08,198.86,115.93,2280g
닭파프라카볶음,2569,89.35,239.84,139.38,2284g
닭파프라카볶음,2633,89.35,249.43,142.30,2284g
닭훈제구이,239,0.00,27.30,13.60,101g
닭훈제구이,N/A,N/A,N/A,N/A,N/A
닭훈제구이,120,0.00,26.00,1.50,4 oz
당근,41,9.58,0.93,0.24,100g
당근,41,9.58,0.93,0.24,100g
당근,87,12.85,1.19,3.99,161g
당근주스,40,9.29,0.95,0.15,100g
당근주스,N/A,N/A,N/A,N/A,N/A
당근주스,80,16.00,2.00,1.00,1 cup
당근케이크,6952,902.40,65.77,355.78,1704g
당근케이크,5888,694.82,59.73,328.94,1415g
당근케이크,N/A,N/A,N/A,N/A,N/A
대추,79,20.23,1.20,0.20,100g
대추,287,73.60,3.70,1.10,100g
대추,100,26.00,0.00,0.00,35 pieces
대파,N/A,N/A,N/A,N/A,N/A
대파,32,7.34,1.83,0.19,100g
대파,25,5.65,1.80,0.10,100g
데리야끼치킨,1243,56.96,166.04,32.81,890g
데리야끼치킨,120,1.00,25.00,2.00,3 oz
데리야끼치킨,340,14.00,41.00,13.00,1 serving
데친두부,2387,264.96,51.77,135.94,1153g
데친두부,322,3.75,5.84,31.54,100g
데친두부,184,20.87,2.74,12.46,84g
도넛,822,44.00,64.00,43.00,1 meal
도넛,598,38.00,45.00,28.00,1 serving
도넛,597,58.00,29.00,26.00,3 tacos
도리아,170,21.00,3.00,10.00,1 ball
도리아,N/A,N/A,N/A,N/A,N/A
도리야끼,170,36.00,3.00,2.00,1 cake
도리야끼,730,101.00,45.00,15.00,1 bowl
도리야끼,620,102.00,38.00,7.00,1 bowl
돼지갈비찜,2992,40.53,206.90,215.49,965g
돼지갈비찜,160,0.00,23.00,9.00,4 oz
돼지갈비찜,230,0.00,19.00,16.00,4 oz
돼지감자,N/A,N/A,N/A,N/A,N/A
돼지감자,730,51.00,32.00,44.00,1 serving
돼지감자,750,56.00,39.00,46.00,1 serving
돼지고기고추장불고기,136,0.00,20.54,5.41,100g
돼지고기고추장불고기,273,0.00,27.57,17.18,101g
돼지고기고추장불고기,273,0.00,27.57,17.18,101g
돼지고기구이,136,0.00,20.54,5.41,100g
돼지고기구이,273,0.00,27.57,17.18,101g
돼지고기구이,273,0.00,27.57,17.18,101g
돼지고기볶음,136,0.00,20.54,5.41,100g
돼지고기볶음,273,0.00,27.57,17.18,101g
돼지고기볶음,273,0.00,27.57,17.18,101g
돼지고기스테이크,220,0.00,18.00,17.00,4 oz
돼지고기스테이크,225,0.00,25.42,12.94,91g
돼지고기스테이크,190,0.00,18.00,12.00,4 oz
된장국,486,45.00,34.86,19.44,1389g
된장국,60,6.00,4.00,2.00,1 bowl
된장국,30,4.00,2.00,1.00,1 serving
된장찌개,6857,1556.43,186.11,9.14,3265g
된장찌개,108,15.20,5.20,3.16,200g
된장찌개,47,8.02,2.28,0.61,100g
두부,70,2.00,8.00,3.50,3 oz
두부,70,2.00,8.00,3.50,3 oz
두부,N/A,N/A,N/A,N/A,N/A
두부튀김,70,2.00,8.00,3.50,3 oz
두부튀김,70,2.00,8.00,3.50,3 oz
두부튀김,N/A,N/A,N/A,N/A,N/A
두유,52,4.93,4.48,1.92,100g
두유,80,3.00,7.00,4.00,1 cup
두유,110,9.00,8.00,4.50,1 cup
등심스테이크,201,0.00,20.30,12.71,100g
등심스테이크,210,0.00,23.00,12.00,4 oz
등심스테이크,190,0.00,23.00,11.00,4 oz
딤섬,50,1.00,3.00,1.00,1 dumpling
딤섬,150,26.70,4.30,2.90,1 bun
딤섬,58,2.80,3.50,3.80,1 piece
딸기,32,7.68,0.67,0.30,100g
딸기,32,7.68,0.67,0.30,100g
딸기,50,11.00,1.00,0.00,1 cup
딸기라떼,106,10.06,7.14,4.48,332g
딸기라떼,238,40.46,7.17,5.75,368g
딸기라떼,38,7.80,0.30,0.60,100g
딸기아이스크림,32,7.68,0.67,0.30,100g
딸기아이스크림,32,7.68,0.67,0.30,100g
딸기아이스크림,50,11.00,1.00,0.00,1 cup
땅콩버터,588,19.56,25.09,50.39,100g
땅콩버터,180,8.00,7.00,15.00,2 tbsp
땅콩버터,190,8.00,7.00,16.00,2 tbsp
떡만두국고기만두,234,14.71,13.65,13.42,586g
떡만두국고기만두,3856,228.54,272.71,198.92,2553g
떡만두국고기만두,1039,85.49,85.59,38.98,953g
떡볶이,230,50.00,5.00,1.50,1 serving
떡볶이,N/A,N/A,N/A,N/A,N/A
떡볶이,980,174.00,32.00,18.00,1 plate
똠양꿍,2398,82.84,316.44,78.84,1080g
똠양꿍,640,35.94,39.14,36.91,224g
똠양꿍,127,11.18,7.25,5.63,44g
라따뚜이,1414,109.58,15.51,110.56,1964g
라따뚜이,N/A,N/A,N/A,N/A,N/A
라따뚜이,150,19.00,3.00,8.00,1 container
라떼,110,10.06,7.17,4.48,332g
라떼,150,15.00,10.00,6.00,1 serving
라떼,250,24.00,16.00,9.00,1 serving
라멘,N/A,N/A,N/A,N/A,N/A
라멘,850,129.00,21.00,26.00,1 bowl
라멘,410,63.00,20.00,7.00,1 bowl
라면,N/A,N/A,N/A,N/A,N/A
라면,850,129.00,21.00,26.00,1 bowl
라면,410,63.00,20.00,7.00,1 bowl
라자냐,174,4.66,8.72,13.54,88g
라자냐,110,8.40,13.50,2.50,1 serving
라자냐,410,39.00,6.00,25.00,1 cake
랍스타,98,1.28,20.50,0.59,101g
랍스타,98,1.28,20.50,0.59,101g
랍스타,40,1.00,9.00,0.00,2 oz
레드와인,85,2.61,0.07,0.00,100g
레드와인,84,2.60,0.07,0.00,100g
레드와인,83,2.31,0.07,0.00,100g
레모네이드,791,206.36,1.39,0.79,1979g
레모네이드,N/A,N/A,N/A,N/A,N/A
레모네이드,260,70.00,0.00,0.00,1 bottle
레몬,29,9.32,1.10,0.30,100g
레몬,25,8.63,0.38,0.00,100g
레몬,21,6.48,0.40,0.29,100g
로메인상추,15,1.00,1.00,0.00,1 cup
로메인상추,15,1.00,1.00,0.00,2 cups
로메인상추,15,3.00,1.00,0.50,6 leaves
롤,300,50.40,8.40,7.30,100g
롤,293,52.70,9.90,4.30,100g
롤,315,53.43,8.48,7.20,100g
롤케이크,230,34.00,6.00,8.00,1 slice
롤케이크,190,42.00,2.00,0.00,1 slice
롤케이크,N/A,N/A,N/A,N/A,N/A
리조또,N/A,N/A,N/A,N/A,N/A
리조또,270,31.00,7.00,13.00,1 cup
리조또,160,28.00,3.00,3.00,1 cup
리코타치즈,N/A,N/A,N/A,N/A,N/A
리코타치즈,45,1.00,4.00,3.00,2 tbsp
리코타치즈,N/A,N/A,N/A,N/A,N/A
마,90,25.00,0.00,0.00,1 can
마,N/A,N/A,N/A,N/A,N/A
마,110,27.00,0.00,0.00,12 pieces
마늘,149,33.06,6.36,0.50,100g
마늘,4,0.99,0.19,0.02,3g
마늘,149,33.06,6.36,0.50,100g
마늘구이,578,70.40,11.40,27.80,1 serving
마늘구이,110,4.00,16.00,3.50,8 shrimp
마늘구이,140,14.00,4.00,7.00,1 slice
마늘장아찌,149,33.06,6.36,0.50,100g
마늘장아찌,4,0.99,0.19,0.02,3g
마늘장아찌,149,33.06,6.36,0.50,100g
마들렌,130,15.00,1.00,8.00,1 cookie
마들렌,130,14.00,1.00,7.00,1 cookie
마들렌,90,10.00,1.00,5.00,1 cookie
마르게리따피자,4205,707.30,147.26,80.50,1529g
마르게리따피자,302,3.83,25.96,20.03,100g
마르게리따피자,1536,40.92,95.04,111.17,515g
마르게리타피자,100,1.00,8.00,7.00,16 slices
마르게리타피자,110,1.00,6.00,9.00,6 slices
마르게리타피자,110,0.00,6.00,10.00,5 slices
마른오징어,92,3.08,15.58,1.38,100g
마른오징어,350,11.72,59.24,5.25,100g
마른오징어,107,3.56,18.01,1.60,101g
마시멜로우,90,24.00,1.00,0.00,4 pieces
마시멜로우,100,24.00,1.00,0.00,4 pieces
마시멜로우,318,81.30,1.80,0.20,100g
마요네즈,390,23.90,0.90,33.40,100g
마요네즈,90,0.00,0.00,10.00,1 tbsp
마요네즈,90,0.00,0.00,11.00,1 tbsp
마카로니샐러드,1302,148.16,24.24,68.54,645g
마카로니샐러드,N/A,N/A,N/A,N/A,N/A
마카로니샐러드,N/A,N/A,N/A,N/A,N/A
마카롱,120,15.00,2.00,6.00,1 macaroon
마카롱,90,13.00,1.00,3.00,1 cookie
마카롱,80,10.00,1.00,4.00,1 macaron
마테차,N/A,N/A,N/A,N/A,N/A
마테차,N/A,N/A,N/A,N/A,N/A
마테차,55,12.00,0.00,0.00,1 bottle
막대사탕,130,32.00,3.00,1.00,1 cup
막대사탕,160,31.00,3.00,2.50,1 cup
막대사탕,150,16.00,2.00,10.00,1 oz
만두,918,78.32,94.63,21.63,819g
만두,320,31.00,9.00,18.00,4 pieces
만두,1272,207.40,33.85,32.93,1026g
만두국,918,78.32,94.63,21.63,819g
만두국,280,35.00,15.00,9.00,7 pieces
만두국,1272,207.40,33.85,32.93,1026g
망고,65,17.00,0.51,0.27,100g
망고,65,17.00,0.51,0.27,100g
망고,90,21.00,1.00,0.50,1 cup
매실,130,22.00,8.00,2.00,1 pouch
매실,160,28.00,5.00,2.50,1 pouch
매실,535,47.00,48.00,14.00,1 serving
맥주,43,3.55,0.46,0.00,100g
맥주,43,3.55,0.46,0.00,100g
맥주,206,21.50,0.00,0.00,1 bottle
머핀,1909,274.02,47.77,68.05,626g
머핀,277,48.00,5.50,6.50,100g
머핀,322,45.70,7.29,12.78,100g
메밀,92,19.94,3.38,0.62,100g
메밀,343,71.50,13.25,3.40,100g
메밀,N/A,N/A,N/A,N/A,N/A
메쉬드포테이토,168,31.30,2.68,3.88,162g
메쉬드포테이토,266,50.61,7.64,3.29,100g
메쉬드포테이토,947,153.74,27.33,26.15,987g
메쉬드포테이트,1699,297.73,32.45,39.64,1089g
메쉬드포테이트,1013,214.42,23.41,4.57,1089g
메쉬드포테이트,1530,235.58,67.47,33.62,1117g
멜론,34,8.16,0.84,0.19,100g
멜론,36,9.09,0.54,0.14,100g
멜론,60,15.00,1.00,0.00,1 container
명란젓,1445,16.77,190.00,82.41,745g
명란젓,2292,89.63,208.60,117.77,1086g
명란젓,252,4.00,24.60,17.90,100g
모듬초밥,210,35.00,7.00,10.00,4 pieces
모듬초밥,1924,402.26,57.85,5.65,1345g
모듬초밥,390,55.00,22.00,7.00,10 pieces
모듬튀김,22,4.69,1.11,0.22,149g
모듬튀김,140,26.00,0.90,4.50,3 pieces
모듬튀김,140,28.00,5.00,0.50,1 roll
모듬회,108,0.00,23.38,0.95,100g
모듬회,146,0.00,21.62,5.93,100g
모듬회,146,0.00,23.14,5.24,100g
모짜렐라치즈,302,3.83,25.96,20.03,100g
모짜렐라치즈,N/A,N/A,N/A,N/A,N/A
모짜렐라치즈,60,0.00,6.00,4.50,1 oz
무김치,N/A,N/A,N/A,N/A,N/A
무김치,15,3.00,1.00,0.00,1 oz
무김치,N/A,N/A,N/A,N/A,N/A
무우,16,3.40,0.68,0.10,100g
무우,16,3.40,0.68,0.10,100g
무우,13,3.00,1.00,0.00,6 radishes
문어,82,2.20,14.91,1.04,100g
문어,2043,116.25,184.05,88.00,1086g
문어,164,4.40,29.82,2.08,100g
물미역,0,0.00,0.00,0.00,100g
물미역,0,0.00,0.00,0.00,1 bottle
물미역,N/A,N/A,N/A,N/A,N/A
뮤즐리,216,16.95,0.20,0.01,225g
뮤즐리,1699,297.73,32.45,39.64,1089g
뮤즐리,1013,214.42,23.41,4.57,1089g
미소라멘,280,34.00,5.00,13.00,1 cup
미소라멘,410,81.00,13.00,3.00,1 serving
미소라멘,N/A,N/A,N/A,N/A,N/A
미소장국,160,25.00,2.00,6.00,5 pieces
미소장국,280,48.00,0.00,0.00,1 pouch
미소장국,980,103.00,31.00,50.00,1 serving
미역국,30,1.00,1.00,2.00,1 package
미역국,N/A,N/A,N/A,N/A,N/A
미역국,152,33.72,9.52,1.04,400g
미역나물,30,1.00,1.00,2.00,1 package
미역나물,N/A,N/A,N/A,N/A,N/A
미역나물,152,33.72,9.52,1.04,400g
미트볼,1362,51.11,83.71,88.80,675g
미트볼,971,1.34,92.73,63.12,514g
미트볼,1275,51.11,97.23,72.80,715g
밀감,31,5.13,2.57,0.82,136g
밀감,0,0.00,0.00,0.00,1 softgel
밀감,15,4.00,0.00,0.00,1 bottle
밀크초콜렛,150,19.00,2.00,9.00,4 blocks
밀크초콜렛,210,26.00,3.00,10.00,10 squares
밀크초콜렛,180,19.00,2.00,10.00,4 pieces
바게트빵,150,31.00,5.00,0.00,2 slices
바게트빵,N/A,N/A,N/A,N/A,N/A
바게트빵,410,85.00,13.00,2.00,1 slice
바나나,89,22.84,1.09,0.33,100g
바나나,89,22.84,1.09,0.33,100g
바나나,110,29.00,1.00,0.30,1 medium
바나나우유,160,25.00,4.00,5.00,1 carton
바나나우유,60,9.00,1.00,3.00,1 cup
바나나우유,150,25.00,7.00,2.00,1 cup
바나나칩,N/A,N/A,N/A,N/A,N/A
바나나칩,519,58.40,2.30,33.60,100g
바나나칩,N/A,N/A,N/A,N/A,N/A
바닐라아이스크림,278,32.60,4.80,14.40,100g
바닐라아이스크림,435,74.74,3.00,13.68,100g
바닐라아이스크림,384,82.28,1.05,5.44,100g
바람떡,15,2.00,0.00,0.00,1 can
바람떡,1987,288.57,50.76,75.11,660g
바람떡,1265,257.98,48.39,6.57,416g
바베큐치킨,354,5.34,53.11,11.82,223g
바베큐치킨,492,6.01,59.65,23.82,259g
바베큐치킨,190,26.00,22.00,1.00,5 oz
바질,27,4.34,2.54,0.61,100g
바질,251,60.96,14.37,3.98,100g
바질,1174,11.15,39.78,110.04,220g
밤,5,2.00,0.00,0.00,1 packet
밤,148,5.20,7.40,11.00,100g
밤,0,0.00,0.00,0.00,1 cup
밥,206,44.50,4.24,0.45,160g
밥,N/A,N/A,N/A,N/A,N/A
밥,135,27.64,2.64,1.07,100g
방울토마토,63,16.01,1.06,0.20,100g
방울토마토,63,16.01,1.06,0.20,100g
방울토마토,165,41.97,0.22,0.21,100g
배추,12,2.23,1.10,0.17,100g
배추,13,2.18,1.50,0.20,100g
배추,15,3.00,1.00,0.00,1 cup
배추김치,13,2.18,1.50,0.20,100g
배추김치,49,2.83,1.79,3.91,129g
배추김치,83,4.89,1.04,7.16,92g
백도,420,48.00,3.00,26.00,1 serving
백도,130,24.00,6.00,1.50,2 slices
백도,150,23.00,1.00,6.00,4 cookies
백향과,50,13.00,0.00,0.00,1 drink
백향과,50,13.00,0.00,0.00,1 drink
백향과,142,20.00,0.00,7.00,1 drink
버섯,22,3.28,3.09,0.34,100g
버섯,78,8.34,3.40,4.43,162g
버섯,20,3.00,3.00,0.00,5 medium
버섯장아찌,22,3.28,3.09,0.34,100g
버섯장아찌,78,8.34,3.40,4.43,162g
버섯장아찌,20,3.00,3.00,0.00,5 medium
버터,717,0.06,0.85,81.11,100g
버터,717,0.06,0.85,81.11,100g
버터,100,0.00,0.00,11.00,1 tbsp
버터쿠키,475,65.60,5.45,21.60,100g
버터쿠키,100,13.00,1.00,5.00,3 cookies
버터쿠키,160,20.00,2.00,9.00,4 cookies
번데기,1044,66.38,31.59,73.41,533g
번데기,50,0.00,7.00,2.50,1 link
번데기,N/A,N/A,N/A,N/A,N/A
베이글,257,50.50,10.02,1.62,100g
베이글,288,57.11,11.14,1.72,100g
베이글,300,62.00,11.00,1.00,1 bagel
베이글샌드위치,562,53.77,28.48,25.52,205g
베이글샌드위치,340,76.00,28.00,2.00,1 sandwich
베이글샌드위치,671,62.40,30.90,33.50,1 serving
베이컨,541,1.43,37.04,41.78,100g
베이컨,70,0.00,4.00,6.00,2 slices
베이컨,80,0.00,5.00,6.00,1 slices
베이컨구이,541,1.43,37.04,41.78,100g
베이컨구이,70,0.00,4.00,6.00,2 slices
베이컨구이,80,0.00,5.00,6.00,1 slices
베이컨피자,301,31.45,12.09,13.80,100g
베이컨피자,N/A,N/A,N/A,N/A,N/A
베이컨피자,N/A,N/A,N/A,N/A,N/A
보드카,231,0.00,0.00,0.00,100g
보드카,96,0.00,0.00,0.00,1 shot
보드카,70,0.00,0.00,0.00,1 shot
보리빵,4302,834.36,129.07,49.89,1526g
보리빵,266,50.61,7.64,3.29,100g
보리빵,70,15.00,3.00,0.50,1 slice
보쌈,130,33.00,0.00,0.00,1 bottle
보쌈,N/A,N/A,N/A,N/A,N/A
보쌈,N/A,N/A,N/A,N/A,N/A
보이차,N/A,N/A,N/A,N/A,N/A
보이차,120,6.00,14.00,5.00,1 burger
보이차,110,7.00,14.00,4.50,1 burger
복숭아,39,9.54,0.91,0.25,100g
복숭아,57,14.00,1.00,0.00,1 peach
복숭아,60,16.00,0.00,0.00,1 cup
볶은원두,718,96.73,11.19,33.76,482g
볶은원두,197,0.00,29.80,7.79,101g
볶은원두,121,13.69,1.03,7.49,184g
볶음면,261,40.25,7.26,7.85,165g
볶음면,1841,136.03,91.46,106.77,969g
볶음면,N/A,N/A,N/A,N/A,N/A
볶음밥,1719,215.44,64.45,63.73,1023g
볶음밥,1546,193.87,58.03,57.38,1023g
볶음밥,1630,226.38,45.66,59.16,1080g
볶음쌀국수,361,78.93,5.86,1.42,337g
볶음쌀국수,1719,215.44,64.45,63.73,1023g
볶음쌀국수,1242,89.35,75.12,70.29,1649g
봉골레파스타,264,38.00,2.40,12.50,100g
봉골레파스타,100,24.00,1.00,0.00,1 pouch
봉골레파스타,65,10.00,5.60,0.00,1 packet
부침개,227,28.30,6.40,9.70,100g
부침개,225,39.29,5.33,5.17,100g
부침개,224,39.18,3.56,6.03,100g
북어국,339,0.00,19.43,28.36,100g
북어국,90,0.50,18.80,0.90,100g
북어국,88,0.00,19.26,0.69,100g
붉은양배추절임,31,7.37,1.43,0.16,100g
붉은양배추절임,76,10.50,2.27,3.84,156g
붉은양배추절임,6150,1511.46,23.22,3.26,4073g
붕어빵,730,101.00,45.00,15.00,1 bowl
붕어빵,620,102.00,38.00,7.00,1 bowl
붕어빵,730,101.00,44.00,15.00,1 bowl
브라우니,1588,261.98,19.94,57.68,419g
브라우니,N/A,N/A,N/A,N/A,N/A
브라우니,405,64.95,4.57,16.84,100g
브라질너트,90,2.00,2.00,9.00,3 nuts
브라질너트,656,12.27,14.32,66.43,100g
브라질너트,N/A,N/A,N/A,N/A,N/A
브로컬리계란찜,85,4.89,8.81,3.08,101g
브로컬리계란찜,1147,195.88,25.83,28.08,782g
브로컬리계란찜,34,6.64,2.82,0.37,100g
브로콜리,34,6.64,2.82,0.37,100g
브로콜리,55,11.21,3.72,0.64,157g
브로콜리,87,11.28,3.72,4.35,162g
블랙커피,1,0.04,0.12,0.02,100g
블랙커피,1,0.04,0.12,0.02,100g
블랙커피,1,0.00,0.12,0.02,100g
블루베리,57,14.49,0.74,0.33,100g
블루베리,N/A,N/A,N/A,N/A,N/A
블루베리,N/A,N/A,N/A,N/A,N/A
비빔국수,250,45.00,7.00,5.00,1 serving
비빔국수,138,25.16,4.54,2.07,101g
비빔국수,2387,161.08,142.49,131.01,1822g
비빔냉면,110,26.00,1.00,0.50,1 serving
비빔냉면,540,80.00,9.00,20.00,1 container
비빔냉면,250,45.00,7.00,5.00,1 serving
비빔밥,N/A,N/A,N/A,N/A,N/A
비빔밥,760,78.00,37.00,33.00,1 serving
비빔밥,600,101.00,16.00,14.00,1 container
비엔나소시지,15,1.00,0.00,1.00,1 tbsp
비엔나소시지,15,1.00,0.00,1.00,1 tbsp
비엔나소시지,170,31.00,6.00,2.00,2 slices
빵,266,50.61,7.64,3.29,100g
빵,259,47.14,9.13,4.11,100g
빵,110,20.00,5.00,2.50,1 slice
뻥튀기,2569,89.35,239.84,139.38,2284g
뻥튀기,120,2.00,0.00,12.00,1 serving
뻥튀기,N/A,N/A,N/A,N/A,N/A
사과샐러드,743,46.03,6.30,63.13,420g
사과샐러드,137,31.66,1.65,1.89,236g
사과샐러드,51,11.84,0.60,0.77,90g
사과주스,47,11.68,0.06,0.11,100g
사과주스,N/A,N/A,N/A,N/A,N/A
사과주스,N/A,N/A,N/A,N/A,N/A
사과파이,265,37.10,2.40,12.50,100g
사과파이,N/A,N/A,N/A,N/A,N/A
사과파이,N/A,N/A,N/A,N/A,N/A
사이다,140,10.00,0.00,0.00,1 bottle
사이다,47,11.68,0.06,0.11,100g
사이다,200,12.00,0.00,0.00,1 can
사탕,384,95.71,0.00,0.10,100g
사탕,100,14.00,1.00,4.00,1 pack
사탕,411,76.48,2.39,10.41,100g
산딸기,52,11.94,1.20,0.65,100g
산딸기,52,11.94,1.20,0.65,100g
산딸기,52,11.94,1.20,0.65,100g
살구,48,11.12,1.40,0.39,100g
살구,90,22.00,1.00,0.00,4 pieces
살구,N/A,N/A,N/A,N/A,N/A
살사소스,27,6.26,1.54,0.16,100g
살사소스,10,2.00,0.00,0.00,2 tbsp
살사소스,N/A,N/A,N/A,N/A,N/A
삶은고구마,115,26.76,2.07,0.21,152g
삶은고구마,147,26.85,2.08,3.92,157g
삶은고구마,115,26.76,2.07,0.21,152g
삶은달걀,155,1.12,12.58,10.61,100g
삶은달걀,155,1.12,12.58,10.61,100g
삶은달걀,60,0.00,6.00,4.00,1 egg
삼겹살,518,0.00,9.34,53.01,100g
삼겹살,240,0.00,13.00,21.00,3 oz
삼겹살,350,1.00,15.00,32.00,3 oz
삼겹살구이,518,0.00,9.34,53.01,100g
삼겹살구이,273,0.00,27.57,17.18,101g
삼겹살구이,1029,2.63,213.24,11.13,944g
상추,14,2.97,0.90,0.14,100g
상추,N/A,N/A,N/A,N/A,N/A
상추,15,1.00,1.00,0.00,1 cup
상추샐러드,14,2.97,0.90,0.14,100g
상추샐러드,16,3.47,0.80,0.16,91g
상추샐러드,84,18.17,4.34,0.84,499g
새싹샐러드,29,4.69,3.59,0.48,100g
새싹샐러드,43,8.95,3.38,0.30,100g
새싹샐러드,30,5.94,3.04,0.18,100g
새우,145,1.25,27.82,2.37,101g
새우,70,0.00,14.00,1.50,5 shrimp
새우,90,0.00,22.00,0.50,8 shrimp
새우구이,145,1.25,27.82,2.37,101g
새우구이,70,0.00,14.00,1.50,5 shrimp
새우구이,90,0.00,22.00,0.50,8 shrimp
새우딤섬,145,1.25,27.82,2.37,101g
새우딤섬,70,0.00,14.00,1.50,5 shrimp
새우딤섬,90,0.00,22.00,0.50,8 shrimp
새우만두,50,1.00,3.00,1.00,1 dumpling
새우만두,918,78.32,94.63,21.63,819g
새우만두,280,22.00,10.00,17.00,9 pieces
새우매운탕,145,1.25,27.82,2.37,101g
새우매운탕,70,0.00,14.00,1.50,5 shrimp
새우매운탕,90,0.00,22.00,0.50,8 shrimp
새우볶음밥,145,1.25,27.82,2.37,101g
새우볶음밥,70,0.00,14.00,1.50,5 shrimp
새우볶음밥,90,0.00,22.00,0.50,8 shrimp
새우튀김,145,1.25,27.82,2.37,101g
새우튀김,70,0.00,14.00,1.50,5 shrimp
새우튀김,90,0.00,22.00,0.50,8 shrimp
샌드위치,241,22.84,14.17,10.60,100g
샌드위치,259,27.96,8.29,12.38,85g
샌드위치,308,26.70,28.11,8.94,145g
샐러리,14,2.97,0.69,0.17,100g
샐러리,N/A,N/A,N/A,N/A,N/A
샐러리,15,3.00,1.00,0.00,2 sticks
생강차,3,0.65,0.04,0.02,100g
생강차,70,17.00,0.00,0.00,2 tbsp
생강차,N/A,N/A,N/A,N/A,N/A
생과일주스,46,11.12,0.41,0.11,100g
생과일주스,55,13.86,0.00,0.09,100g
생과일주스,102,27.20,0.78,0.10,200g
생맥주,200,16.00,0.00,0.00,1 serving
생맥주,180,17.00,0.00,0.00,1 serving
생맥주,180,15.00,2.00,0.00,1 serving
생선구이,1029,2.63,213.24,11.13,944g
생선구이,1225,3.21,213.27,33.44,972g
생선구이,100,0.00,20.51,1.34,100g
생선찌개,688,11.39,109.11,20.97,695g
생선찌개,798,25.35,127.12,18.16,1996g
생선찌개,946,80.85,113.74,18.36,1370g
생선초밥,1225,3.21,213.27,33.44,972g
생선초밥,113,0.00,23.50,1.23,101g
생선초밥,265,8.92,22.24,15.12,133g
생선튀김,265,8.92,22.24,15.12,133g
생선튀김,2314,89.63,207.30,120.81,1086g
생선튀김,N/A,N/A,N/A,N/A,N/A
생선회,146,0.00,21.62,5.93,100g
생선회,108,0.00,23.38,0.95,100g
생선회,146,0.00,23.14,5.24,100g
생크림,N/A,N/A,N/A,N/A,N/A
생크림,239,22.65,8.51,13.94,281g
생크림,317,42.36,8.88,14.86,248g
생크림케이크,N/A,N/A,N/A,N/A,N/A
생크림케이크,239,22.65,8.51,13.94,281g
생크림케이크,317,42.36,8.88,14.86,248g
석류,68,17.17,0.95,0.30,100g
석류,N/A,N/A,N/A,N/A,N/A
석류,68,17.17,0.95,0.30,100g
설탕,387,99.98,0.00,0.00,100g
설탕,387,99.98,0.00,0.00,100g
설탕,15,4.00,0.00,0.00,1 tsp
센베이,N/A,N/A,N/A,N/A,N/A
센베이,N/A,N/A,N/A,N/A,N/A
소고기육포,70,4.00,11.00,1.50,1 oz
소고기육포,80,6.00,11.00,1.50,1 oz
소고기육포,100,10.00,11.00,2.00,1 package
소금,0,0.00,0.00,0.00,100g
소금,N/A,N/A,N/A,N/A,N/A
소금,0,0.00,0.00,0.00,1 tsp
소면,130,2.00,14.00,7.00,3 oz
소면,60,1.00,11.00,1.00,2 oz
소면,80,1.00,17.00,1.50,3 oz
소시지,304,0.00,15.09,26.53,100g
소시지,344,4.27,19.12,27.31,100g
소시지,N/A,N/A,N/A,N/A,N/A
소시지구이,304,0.00,15.09,26.53,100g
소시지구이,344,4.27,19.12,27.31,100g
소시지구이,N/A,N/A,N/A,N/A,N/A
솜사탕,322,79.00,0.80,0.30,100g
솜사탕,394,98.00,0.00,0.20,100g
솜사탕,1144,11.80,20.27,113.93,353g
쇠고기구이,254,0.00,27.52,15.14,101g
쇠고기구이,290,0.00,26.55,19.70,101g
쇠고기구이,110,8.00,13.00,3.00,1 serving
쇠고기볶음,345,7.00,26.00,24.00,1 serving
쇠고기볶음,2330,89.32,261.33,101.88,2284g
쇠고기볶음,2633,89.35,249.43,142.30,2284g
수박,30,7.55,0.61,0.15,100g
수박,N/A,N/A,N/A,N/A,N/A
수박,30,7.55,0.61,0.15,100g
수박주스,30,7.55,0.61,0.15,100g
수박주스,N/A,N/A,N/A,N/A,N/A
수박주스,100,27.00,0.00,0.00,1 cup
숙주나물,100,11.00,12.00,1.50,1pouch
숙주나물,150,20.00,1.00,7.00,1 ghost
숙주나물,351,0.00,27.00,27.00,100g
순대,348,43.09,4.77,18.03,131g
순대,180,30.17,3.57,5.46,100g
순대,190,18.00,19.00,7.00,1 bar
순대국밥,286,32.36,5.99,16.27,108g
순대국밥,274,56.89,6.16,4.01,165g
순대국밥,185,29.40,4.30,6.00,100g
순대볶음,348,43.09,4.77,18.03,131g
순대볶음,180,30.17,3.57,5.46,100g
순대볶음,190,18.00,19.00,7.00,1 bar
순두부찌개,70,2.00,8.00,3.50,3 oz
순두부찌개,70,2.00,8.00,3.50,3 oz
순두부찌개,N/A,N/A,N/A,N/A,N/A
순살찜닭,110,0.00,23.09,1.24,100g
순살찜닭,239,0.00,27.30,13.60,101g
순살찜닭,165,0.00,31.02,3.57,101g
순살치킨,197,0.00,29.80,7.79,101g
순살치킨,110,0.00,23.00,2.50,4 oz
순살치킨,247,0.00,25.06,15.49,101g
쉐이크,100,7.00,15.00,1.50,1 packet
쉐이크,135,20.13,3.19,4.90,100g
쉐이크,180,24.00,10.00,6.00,1 can
슈크림,558,45.70,7.40,38.50,100g
슈크림,410,29.86,5.68,29.99,100g
슈크림,130,13.00,16.00,2.50,1 bar
스크램블드에그,90,0.00,6.00,7.00,1 egg
스크램블드에그,90,1.00,8.00,7.00,1 serving
스크램블드에그,212,2.08,13.84,16.18,100g
스테이크,201,0.00,20.30,12.71,100g
스테이크,254,0.00,27.52,15.14,101g
스테이크,253,0.00,27.63,14.97,101g
스튜,1300,135.29,105.54,36.64,1566g
스튜,1140,132.89,104.30,21.27,1702g
스튜,1322,140.05,106.37,36.75,1612g
스트링치즈,N/A,N/A,N/A,N/A,N/A
스트링치즈,80,1.00,6.00,6.00,1 string
스트링치즈,90,1.00,7.00,6.00,1 stick
스파게티,158,30.86,5.80,0.93,101g
스파게티,158,30.86,5.80,0.93,101g
스파게티,158,30.86,5.80,0.93,101g
스파게티면,158,30.86,5.80,0.93,101g
스파게티면,313,57.29,10.55,4.27,265g
스파게티면,90,15.24,5.05,1.01,100g
스프,32,4.66,1.46,0.90,100g
스프,587,71.75,24.62,26.57,1399g
스프,2707,203.30,187.46,131.88,2880g
슬라이스치즈,50,2.00,3.00,3.50,1 slice
슬라이스치즈,70,0.00,4.00,6.00,1 slice
슬라이스치즈,403,1.28,24.90,33.14,100g
시금치,23,3.63,2.86,0.39,100g
시금치,23,3.63,2.86,0.39,100g
시금치,74,6.83,5.35,4.18,186g
시럽,259,66.79,0.00,0.04,100g
시럽,100,26.00,0.00,0.00,2 tbsp
시럽,110,27.00,0.00,0.00,2 tbsp
시루떡,392,81.10,7.10,4.30,100g
시루떡,6397,890.51,70.82,302.84,1956g
시루떡,387,81.50,8.20,2.80,100g
시리얼,110,26.00,2.00,0.00,1 cup
시리얼,376,83.02,7.24,3.38,100g
시리얼,N/A,N/A,N/A,N/A,N/A
시리얼바,100,17.00,1.00,3.50,1 bar
시리얼바,140,28.00,2.00,2.00,1 bar
시리얼바,130,25.00,1.00,3.00,1 bar
시저샐러드,1072,41.10,31.71,89.33,630g
시저샐러드,N/A,N/A,N/A,N/A,N/A
시저샐러드,250,12.00,6.00,19.00,1 serving
쌀,206,44.50,4.24,0.45,160g
쌀,N/A,N/A,N/A,N/A,N/A
쌀,135,27.64,2.64,1.07,100g
쌀과자,40,8.00,0.50,0.00,1 cake
쌀과자,50,11.00,1.00,0.00,1 cake
쌀과자,35,7.00,1.00,0.00,1 cake
쌀국수,109,24.90,0.91,0.20,100g
쌀국수,200,46.00,3.00,0.00,2 oz
쌀국수,N/A,N/A,N/A,N/A,N/A
쌀밥,206,44.50,4.24,0.45,160g
쌀밥,N/A,N/A,N/A,N/A,N/A
쌀밥,135,27.64,2.64,1.07,100g
아귀찜,2249,297.19,117.61,71.78,2225g
아귀찜,20,4.55,0.94,0.19,100g
아귀찜,210,0.63,17.78,14.56,100g
아마씨,534,28.88,18.29,42.16,100g
아마씨,70,4.00,3.00,4.50,2 tbsp
아마씨,70,4.00,3.00,6.00,2 tbsp
아몬드,578,19.74,21.26,50.64,100g
아몬드,100,4.00,4.00,9.00,1 pouch
아몬드,N/A,N/A,N/A,N/A,N/A
아보카도,N/A,N/A,N/A,N/A,N/A
아보카도,160,8.53,2.00,14.66,100g
아보카도,240,15.00,3.00,26.00,1 avocado
아보카도샐러드,445,29.17,4.49,37.19,418g
아보카도샐러드,200,11.00,3.00,17.00,1 cup
아보카도샐러드,334,34.05,7.26,22.23,643g
아스파라거스구이,20,3.00,3.00,0.00,12 spears
아스파라거스구이,45,2.00,1.00,3.50,1 serving
아스파라거스구이,72,7.48,4.33,4.10,186g
아스파라거스볶음밥,1719,215.44,64.45,63.73,1023g
아스파라거스볶음밥,1546,193.87,58.03,57.38,1023g
아스파라거스볶음밥,20,3.88,2.20,0.12,100g
아오리사과,52,13.81,0.26,0.17,100g
아오리사과,1983,364.97,22.94,52.78,1002g
아오리사과,2356,214.40,39.81,151.49,658g
아이스라떼,110,10.06,7.17,4.48,332g
아이스라떼,100,23.00,2.00,0.50,1 cup
아이스라떼,130,18.00,12.00,0.00,1 serving
아이스커피,4,0.62,0.18,0.01,164g
아이스커피,49,9.02,0.37,1.40,175g
아이스커피,120,21.00,3.00,2.50,1 cup
아이스크림,201,24.38,3.52,10.71,100g
아이스크림,201,23.60,3.50,11.00,100g
아이스크림,N/A,N/A,N/A,N/A,N/A
아이스티,3,0.95,0.03,0.00,338g
아이스티,142,36.94,0.03,0.00,374g
아이스티,N/A,N/A,N/A,N/A,N/A
아포가토,110,23.00,3.00,0.00,5 potatoes
아포가토,N/A,N/A,N/A,N/A,N/A
아포가토,80,18.00,2.00,0.00,3 potatoes
안심스테이크,190,0.00,24.00,9.00,4 oz
안심스테이크,60,0.00,14.00,0.50,2 oz
안심스테이크,253,0.00,27.63,14.97,101g
알로에주스,53,12.87,0.36,0.12,100g
알로에주스,N/A,N/A,N/A,N/A,N/A
알로에주스,110,27.00,0.00,0.00,1 cup
알타리김치,10,2.00,1.00,0.00,1 oz
알타리김치,10,1.00,1.00,0.00,2 tbsp
알타리김치,10,2.00,0.00,0.00,1 oz
애플민트,100,25.00,0.00,1.00,1 serving
애플민트,70,17.00,0.00,0.50,1 serving
애플민트,156,4.22,0.00,0.00,65g
애호박,16,3.35,1.21,0.18,100g
애호박,69,7.85,1.66,4.26,186g
애호박,45,11.69,1.00,0.10,100g
액상요구르트,775,199.98,0.00,0.00,615g
액상요구르트,11,2.10,0.00,0.00,100g
액상요구르트,48,8.22,2.44,0.10,100g
앵두,63,16.01,1.06,0.20,100g
앵두,63,16.01,1.06,0.20,100g
앵두,165,41.97,0.22,0.21,100g
야끼소바,410,69.00,11.00,10.00,1 pack
야끼소바,275,53.00,10.00,2.50,1 cup
야끼소바,500,72.00,10.00,19.00,1 container
야채볶음,N/A,N/A,N/A,N/A,N/A
야채볶음,64,13.46,3.33,0.52,100g
야채볶음,20,4.55,0.94,0.19,100g
양꼬치,294,0.00,24.52,20.94,101g
양꼬치,134,0.00,20.29,5.25,100g
양꼬치,267,0.00,24.03,18.23,100g
양념치킨,15,3.00,0.00,0.00,2 tsp
양념치킨,N/A,N/A,N/A,N/A,N/A
양념치킨,N/A,N/A,N/A,N/A,N/A
양배추,24,5.58,1.44,0.12,100g
양배추,65,6.79,1.54,4.34,156g
양배추,65,6.79,1.54,4.34,156g
양배추샐러드,N/A,N/A,N/A,N/A,N/A
양배추샐러드,83,4.89,1.04,7.16,92g
양배추샐러드,24,5.58,1.44,0.12,100g
양배추쌈,24,5.58,1.44,0.12,100g
양배추쌈,65,6.79,1.54,4.34,156g
양배추쌈,65,6.79,1.54,4.34,156g
양배추절임,24,5.58,1.44,0.12,100g
양배추절임,65,6.79,1.54,4.34,156g
양배추절임,65,6.79,1.54,4.34,156g
양상추샐러드,14,2.97,0.90,0.14,100g
양상추샐러드,16,3.47,0.80,0.16,91g
양상추샐러드,84,18.17,4.34,0.84,499g
양주,103,11.00,0.00,0.00,1 oz
양주,70,10.00,0.00,0.00,1 serving
양주,91,8.10,0.00,0.00,1 serving
양파,42,10.11,0.92,0.08,100g
양파,32,7.55,0.80,0.08,100g
양파,N/A,N/A,N/A,N/A,N/A
양파샐러드,50,11.00,1.00,0.00,1 serving
양파샐러드,40,5.00,1.00,2.00,1 serving
양파샐러드,35,5.00,1.00,1.00,1 tbsp
양파튀김,42,10.11,0.92,0.08,100g
양파튀김,32,7.55,0.80,0.08,100g
양파튀김,N/A,N/A,N/A,N/A,N/A
어묵국,1805,111.19,122.60,94.22,898g
어묵국,169,18.25,19.49,0.99,148g
어묵국,100,11.00,4.00,4.00,1 cake
어묵탕,1805,111.19,122.60,94.22,898g
어묵탕,169,18.25,19.49,0.99,148g
어묵탕,100,11.00,4.00,4.00,1 cake
어육소시지,140,10.00,7.00,8.00,1 piece
어육소시지,310,2.14,13.26,27.15,100g
어육소시지,344,4.27,19.12,27.31,100g
에그타르트,1854,183.39,31.33,111.06,495g
에그타르트,210,17.00,2.00,15.00,1 serving
에그타르트,150,22.00,2.00,6.00,1 tart
연근,74,17.23,2.60,0.10,100g
연근,50,15.00,2.00,0.00,1 cup
연근,150,19.00,1.00,7.00,15 pieces
연어구이,139,0.00,23.45,4.30,100g
연어구이,1445,4.14,202.52,63.87,845g
연어구이,330,0.00,37.00,20.00,1 serving
연어롤,190,33.00,6.00,4.00,6 pieces
연어롤,250,37.00,14.00,5.00,1 serving
연어롤,120,16.00,7.00,2.50,6 pieces
연어샐러드,1809,28.66,122.07,131.63,928g
연어샐러드,350,27.00,33.00,13.00,1 salad
연어샐러드,N/A,N/A,N/A,N/A,N/A
연어초밥,146,0.00,21.62,5.93,100g
연어초밥,139,0.00,23.45,4.30,100g
연어초밥,1445,4.14,202.52,63.87,845g
연어회,146,0.00,21.62,5.93,100g
연어회,139,0.00,23.45,4.30,100g
연어회,1445,4.14,202.52,63.87,845g
오디,5,0.00,0.00,0.00,1 can
오디,25,0.00,0.00,2.50,5 olives
오디,440,3.00,24.00,37.00,1 patty
오렌지,47,11.75,0.94,0.12,100g
오렌지,49,12.54,0.91,0.15,100g
오렌지,47,11.75,0.94,0.12,100g
오렌지주스,45,10.40,0.70,0.20,100g
오렌지주스,N/A,N/A,N/A,N/A,N/A
오렌지주스,N/A,N/A,N/A,N/A,N/A
오리구이,132,0.00,18.28,5.95,100g
오리구이,337,0.00,18.99,28.35,100g
오리구이,337,0.00,18.99,28.35,100g
오리로스구이,239,0.00,27.30,13.60,101g
오리로스구이,1029,2.63,213.24,11.13,944g
오리로스구이,312,29.95,9.85,16.96,89g
오므라이스,130,19.00,1.00,5.00,3 cookies
오므라이스,170,21.00,1.00,9.00,5 cookies
오므라이스,150,18.00,1.00,7.00,3 cookies
오믈렛,115,2.58,7.85,7.97,89g
오믈렛,153,0.69,10.62,12.02,100g
오믈렛,200,2.58,13.94,14.62,101g
오미자,170,26.00,2.00,9.00,1 bottle
오븐구이치킨몸통,301,0.00,25.95,20.98,101g
오븐구이치킨몸통,239,0.00,27.30,13.60,101g
오븐구이치킨몸통,239,0.00,27.30,13.60,101g
오이,15,3.63,0.65,0.11,100g
오이,12,2.16,0.59,0.16,100g
오이,12,2.16,0.59,0.16,100g
오이김치,N/A,N/A,N/A,N/A,N/A
오이김치,164,36.34,2.49,0.40,498g
오이김치,12,2.16,0.59,0.16,100g
오이샐러드,164,36.34,2.49,0.40,498g
오이샐러드,75,3.80,1.61,6.22,148g
오이샐러드,655,36.89,2.83,55.00,556g
오이피클,15,3.63,0.65,0.11,100g
오이피클,12,2.16,0.59,0.16,100g
오이피클,12,2.16,0.59,0.16,100g
오징어,1336,106.07,162.05,23.21,1071g
오징어,240,24.00,11.00,11.00,12 pieces
오징어,92,3.08,15.58,1.38,101g
오징어튀김,106,3.56,18.01,1.59,101g
오징어튀김,92,3.08,15.58,1.38,100g
오징어튀김,175,7.79,17.94,7.48,100g
오코노미야끼,1292,150.73,50.78,52.74,590g
오코노미야끼,N/A,N/A,N/A,N/A,N/A
오트밀,173,30.16,7.21,2.84,278g
오트밀,N/A,N/A,N/A,N/A,N/A
오트밀,N/A,N/A,N/A,N/A,N/A
옥수수스프,86,19.02,3.22,1.18,100g
옥수수스프,N/A,N/A,N/A,N/A,N/A
옥수수스프,N/A,N/A,N/A,N/A,N/A
와사비,15,2.00,0.00,0.00,1 tsp
와사비,10,1.00,0.00,1.00,1 tsp
와사비,70,2.00,0.00,7.00,1 tbsp
와인,85,2.61,0.07,0.00,100g
와인,83,2.60,0.07,0.00,100g
와인,84,2.60,0.07,0.00,100g
와플,310,48.84,7.30,9.55,100g
와플,291,32.90,7.90,14.10,100g
와플,220,26.00,3.00,11.00,1 waffle
완탕,140,35.00,0.00,0.00,1 scoop
완탕,70,18.00,0.00,0.00,1.5 tbsp
완탕,N/A,N/A,N/A,N/A,N/A
왕만두,234,14.71,13.65,13.42,586g
왕만두,3856,228.54,272.71,198.92,2553g
왕만두,1039,85.49,85.59,38.98,953g
요구르트,63,7.04,5.25,1.55,100g
요구르트,80,15.00,5.00,0.00,6 oz
요구르트,N/A,N/A,N/A,N/A,N/A
우동,310,63.00,7.00,3.00,1 pack
우동,410,92.00,9.00,1.00,1 bowl
우동,450,83.00,20.00,1.10,1 serving
우유,60,4.52,3.22,3.25,100g
우유,50,4.68,3.30,1.97,100g
우유,42,4.99,3.37,0.97,100g
유과,90,23.00,0.00,0.00,3 bars
유과,100,24.00,0.00,0.00,1 serving
유과,170,44.00,0.00,0.00,1 pouch
유자,100,0.00,0.00,0.00,1 serving
유자,50,13.00,0.00,0.00,1 tbsp
유자,30,8.00,0.00,0.00,1 tbsp
육포,90,0.00,16.00,2.00,1 oz
육포,80,0.00,16.00,2.00,1 oz
육포,80,1.00,15.00,2.50,1 oz
육회,146,0.00,21.62,5.93,100g
육회,108,0.00,23.38,0.95,100g
육회,146,0.00,23.14,5.24,100g
육회비빔밥,580,89.00,15.00,18.00,1 package
육회비빔밥,600,101.00,16.00,14.00,1 container
육회비빔밥,N/A,N/A,N/A,N/A,N/A
은행,537,36.00,44.00,25.00,1 serving
은행,385,33.00,25.00,18.00,1 serving
은행,301,0.00,25.95,20.98,101g
인삼,90,16.00,1.00,3.00,1 package
인삼,N/A,N/A,N/A,N/A,N/A
인삼,10,2.00,0.00,0.00,1 bag
자두,130,22.00,8.00,2.00,1 pouch
자두,160,28.00,5.00,2.50,1 pouch
자두,535,47.00,48.00,14.00,1 serving
자몽,32,8.08,0.63,0.10,100g
자몽,58,15.02,0.70,0.20,100g
자몽,42,10.66,0.77,0.14,100g
자몽주스,38,8.96,0.52,0.10,100g
자몽주스,N/A,N/A,N/A,N/A,N/A
자몽주스,39,9.20,0.50,0.10,100g
잡곡식빵,251,46.40,10.00,3.80,100g
잡곡식빵,130,20.00,5.00,3.00,1 slice
잡곡식빵,70,14.00,3.00,0.50,1 slice
잡채,1015,46.02,83.38,56.42,832g
잡채,414,20.93,42.98,17.78,470g
잡채,N/A,N/A,N/A,N/A,N/A
잣,200,6.00,5.00,17.00,3 tbsp
잣,180,5.00,3.00,17.00,3 tbsp
잣,673,13.08,13.69,68.37,100g
장어구이,2733,56.13,204.36,182.38,973g
장어구이,289,0.00,28.95,18.30,100g
장어구이,233,0.00,23.34,14.76,100g
장어덮밥,2840,153.35,235.97,144.22,1834g
장어덮밥,2488,167.31,208.13,113.77,1834g
장어덮밥,1198,87.14,87.73,58.53,981g
장어초밥,90,11.00,4.00,3.00,1 piece
장어초밥,203,27.00,8.10,5.50,1 serving
장어초밥,435,66.00,14.00,12.00,1 package
적양배추,31,7.37,1.43,0.16,100g
적양배추,76,10.50,2.27,3.84,156g
적양배추,29,6.94,1.51,0.09,101g
전복,1448,72.12,194.09,36.35,972g
전복,210,12.02,34.21,1.52,101g
전복,189,11.05,19.63,6.78,100g
절임배추,30,5.67,1.60,0.10,100g
절임배추,6150,1511.46,23.22,3.26,4073g
절임배추,15,3.00,0.00,0.00,1 oz
젤리,266,69.95,0.15,0.02,100g
젤리,50,13.00,0.00,0.00,1 tbsp
젤리,50,13.00,0.00,0.00,1 tbsp
조미김,15,3.00,0.00,0.00,2 tsp
조미김,10,2.00,0.00,0.00,1 tsp
조미김,332,72.71,16.80,0.76,100g
족발,210,44.00,5.00,2.00,2 oz
족발,N/A,N/A,N/A,N/A,N/A
족발,220,43.00,6.00,2.50,2 oz
주먹밥,150,19.00,3.00,7.00,2 balls
주먹밥,389,40.00,6.00,23.00,5 pieces
주먹밥,1805,111.19,122.60,94.22,898g
주스,45,10.40,0.70,0.20,100g
주스,96,22.72,0.96,0.26,200g
주스,53,12.93,0.34,0.10,100g
죽,N/A,N/A,N/A,N/A,N/A
죽,135,27.00,4.00,1.20,1 serving
죽,250,52.00,5.00,2.50,1 container
짜장면,580,88.00,13.00,19.00,1 container
짬뽕,N/A,N/A,N/A,N/A,N/A
짬뽕,570,89.00,9.00,20.00,1 bag
짬뽕,5260,46.00,430.00,357.00,1 serving
쨈빵,320,55.00,7.00,8.00,1 serving
쨈빵,300,32.00,9.00,16.00,1 sandwich
쨈빵,260,66.63,0.54,0.14,100g
쪽갈비구이,239,0.00,27.30,13.60,101g
쪽갈비구이,312,29.95,9.85,16.96,89g
쪽갈비구이,197,0.00,29.80,7.78,101g
쭈꾸미볶음,157,0.00,27.11,4.63,102g
쭈꾸미볶음,316,42.60,3.00,16.10,100g
쭈꾸미볶음,316,43.38,1.71,17.40,142g
찐빵,403,44.30,6.40,22.80,100g
찐빵,150,16.00,11.00,4.00,1 doughnut
찐빵,195,24.00,13.00,5.50,1 doughnut
참깨,567,26.04,16.96,48.00,100g
참깨,884,0.00,0.00,100.00,100g
참깨,631,11.73,20.45,61.21,100g
참외,34,8.16,0.84,0.19,100g
참외,36,9.09,0.54,0.14,100g
참외,60,15.00,1.00,0.00,1 container
참치샌드위치,116,0.00,25.51,0.82,100g
참치샌드위치,N/A,N/A,N/A,N/A,N/A
참치샌드위치,70,0.00,17.00,0.50,1 pouch
참치통조림,N/A,N/A,N/A,N/A,N/A
참치통조림,100,0.00,23.00,0.50,1 can
참치통조림,198,0.00,29.13,8.21,100g
참치회,116,0.00,25.51,0.82,100g
참치회,N/A,N/A,N/A,N/A,N/A
참치회,70,0.00,17.00,0.50,1 pouch
찹쌀떡,237,51.44,4.93,0.46,100g
찹쌀떡,1931,390.50,81.17,3.53,1038g
찹쌀떡,6397,890.51,70.82,302.84,1956g
채소주스,N/A,N/A,N/A,N/A,N/A
채소주스,28,5.77,1.42,0.23,95g
채소주스,29,7.47,0.04,0.01,100g
채소죽,3272,352.70,103.04,165.98,2252g
채소죽,20,4.55,0.94,0.19,100g
채소죽,402,94.43,7.39,1.74,1087g
천도복숭아,39,9.54,0.91,0.25,100g
천도복숭아,57,14.00,1.00,0.00,1 peach
천도복숭아,60,16.00,0.00,0.00,1 cup
청포도,69,18.10,0.72,0.16,100g
청포도,69,18.10,0.72,0.16,100g
청포도,N/A,N/A,N/A,N/A,N/A
체다치즈,403,1.28,24.90,33.14,100g
체다치즈,N/A,N/A,N/A,N/A,N/A
체다치즈,N/A,N/A,N/A,N/A,N/A
체리,63,16.01,1.06,0.20,100g
체리,63,16.01,1.06,0.20,100g
체리,165,41.97,0.22,0.21,100g
초밥,1924,402.26,57.85,5.65,1345g
초밥,N/A,N/A,N/A,N/A,N/A
초밥,360,62.00,12.00,4.50,8 pieces
초코머핀,70,6.00,1.00,4.50,2 pieces
초코머핀,130,16.00,2.00,8.00,2 pieces
초코머핀,210,26.00,3.00,13.00,1 bar
초코바,70,6.00,1.00,4.50,2 pieces
초코바,130,16.00,2.00,8.00,2 pieces
초코바,210,26.00,3.00,13.00,1 bar
초코아이스크림,216,28.20,3.80,11.00,100g
초코아이스크림,N/A,N/A,N/A,N/A,N/A
초코아이스크림,N/A,N/A,N/A,N/A,N/A
초코우유,63,10.44,3.24,1.00,100g
초코우유,83,10.34,3.17,3.39,100g
초코우유,76,11.55,3.08,2.10,100g
초코케이크,70,6.00,1.00,4.50,2 pieces
초코케이크,130,16.00,2.00,8.00,2 pieces
초코케이크,210,26.00,3.00,13.00,1 bar
초코쿠키,70,6.00,1.00,4.50,2 pieces
초코쿠키,130,16.00,2.00,8.00,2 pieces
초코쿠키,210,26.00,3.00,13.00,1 bar
초콜릿,70,6.00,1.00,4.50,2 pieces
초콜릿,130,16.00,2.00,8.00,2 pieces
초콜릿,210,26.00,3.00,13.00,1 bar
춘권,1153,137.09,36.59,52.29,1179g
춘권,1190,131.90,46.69,52.99,1142g
춘권,1406,131.90,71.97,65.02,1212g
츄러스,60,15.00,0.00,0.00,8 pieces
츄러스,365,8.22,17.25,30.00,1 serving
츄러스,N/A,N/A,N/A,N/A,N/A
치즈,403,1.28,24.90,33.14,100g
치즈,N/A,N/A,N/A,N/A,N/A
치즈,337,6.94,18.94,26.05,100g
치즈볼,140,15.00,2.00,8.00,48 balls
치즈볼,150,17.00,1.00,9.00,35 balls
치즈볼,150,14.00,2.00,9.00,32 balls
치즈빵,403,1.28,24.90,33.14,100g
치즈빵,N/A,N/A,N/A,N/A,N/A
치즈빵,337,6.94,18.94,26.05,100g
치즈스틱,80,0.00,5.00,7.00,1 stick
치즈스틱,45,0.00,5.00,2.50,1 piece
치즈스틱,80,1.00,7.00,5.00,1 stick
치즈피자,276,30.33,12.33,11.74,100g
치즈피자,281,29.45,12.50,12.53,100g
치즈피자,264,32.58,11.91,9.51,100g
치커리,3,0.61,0.19,0.00,157g
치커리,17,3.40,1.25,0.24,90g
치커리,38,9.00,0.00,0.00,1 serving
치킨,197,0.00,29.80,7.79,101g
치킨,110,0.00,23.00,2.50,4 oz
치킨,247,0.00,25.06,15.49,101g
치킨너겟,197,0.00,29.80,7.79,101g
치킨너겟,110,0.00,23.00,2.50,4 oz
치킨너겟,247,0.00,25.06,15.49,101g
치킨스테이크,130,0.00,24.00,1.50,4 oz
치킨스테이크,150,10.00,7.00,8.00,1 serving
치킨스테이크,40,1.00,8.00,0.50,1.5 oz
치킨카레,1206,46.11,111.58,64.89,973g
치킨카레,190,4.00,33.00,7.00,1 cup
치킨카레,530,48.00,36.00,22.00,1 entree
칠리소스,20,5.00,0.00,0.00,1 tbsp
칠리소스,35,8.00,0.00,0.00,2 tbsp
칠리소스,20,4.00,0.00,0.00,1 tbsp
카나페,250,15.00,0.00,0.00,1 serving
카나페,350,44.00,0.00,0.00,1 serving
카나페,230,7.00,0.00,0.00,1 serving
카라멜,130,24.00,1.00,2.50,4 pieces
카라멜,285,72.81,0.18,1.90,100g
카라멜,80,20.00,0.00,0.00,2 tbsp
카레라이스,200,38.00,2.00,4.00,1 cup
카레라이스,N/A,N/A,N/A,N/A,N/A
카레라이스,1206,46.11,111.58,64.89,973g
카레소스,70,2.00,11.00,2.00,2 oz
카레소스,N/A,N/A,N/A,N/A,N/A
카레소스,N/A,N/A,N/A,N/A,N/A
카카오닙스,20,2.00,0.00,1.50,1 tsp
카카오닙스,90,4.00,2.00,7.00,2 tbsp
카카오닙스,70,7.00,1.00,6.00,1 tbsp
카페라떼,110,10.06,7.17,4.48,332g
카페라떼,190,19.00,13.00,7.00,1 serving
카페라떼,160,5.00,30.00,3.00,1 shake
카페모카휘핑크림,139,22.19,4.06,3.99,257g
카페모카휘핑크림,208,25.68,8.33,8.45,101g
카페모카휘핑크림,208,25.68,8.33,8.45,101g
카푸치노,56,4.37,3.07,3.00,181g
카푸치노,140,14.00,9.00,5.00,1 serving
카푸치노,100,10.00,7.00,4.00,1 serving
카프레제샐러드,280,10.00,19.00,20.00,1 serving
카프레제샐러드,190,6.00,10.00,15.00,1 cup
카프레제샐러드,N/A,N/A,N/A,N/A,N/A
캐러멜마끼아또,417,72.95,5.30,13.06,100g
캐러멜마끼아또,382,77.00,4.60,8.10,100g
캐러멜마끼아또,423,71.70,4.50,16.10,100g
캐슈넛,150,15.00,2.00,10.00,13 chips
캐슈넛,70,0.00,3.00,6.00,1 slice
캐슈넛,100,0.00,4.00,9.00,1 slice
캘리포니아롤,3109,598.17,130.50,11.51,2465g
캘리포니아롤,220,34.00,6.00,11.00,8 pieces
캘리포니아롤,N/A,N/A,N/A,N/A,N/A
커스터드크림,596,68.04,31.80,21.95,627g
커스터드크림,120,19.00,6.00,2.50,4 oz
커스터드크림,120,21.00,3.00,3.00,1 cup
커피,1,0.04,0.12,0.02,100g
커피,1,0.00,0.12,0.02,100g
커피,25,2.77,0.37,1.40,168g
컵라면,290,41.00,7.00,11.00,1 cup
컵라면,453,65.50,9.30,17.10,100g
컵라면,300,38.00,7.00,13.00,1 cup
케이크,373,58.80,3.50,14.50,100g
케이크,367,54.60,4.10,16.40,100g
케이크,5074,858.83,36.09,176.06,1332g
케일,50,10.01,3.30,0.70,100g
케일,69,7.41,2.48,4.23,135g
케일,N/A,N/A,N/A,N/A,N/A
케첩,97,25.08,1.74,0.38,100g
케첩,20,5.00,0.00,0.00,1 tbsp
케첩,N/A,N/A,N/A,N/A,N/A
코코아,229,54.30,19.60,13.70,100g
코코아,160,34.00,1.00,2.50,1 envelope
코코아,10,3.00,1.00,0.50,1 tbsp
콜라비,0,0.00,0.00,0.00,1 tbsp
콜라비,120,0.00,0.00,14.00,1 tbsp
콜라비,120,0.00,0.00,14.00,1 tbsp
콤비네이션피자,244,26.34,10.81,10.58,100g
콤비네이션피자,244,25.38,11.02,10.90,100g
콤비네이션피자,256,27.42,10.16,11.68,100g
콩국수,180,43.00,0.00,0.00,1 serving
콩국수,620,114.00,18.00,10.00,1 package
콩국수,221,42.66,10.85,0.99,225g
콩나물,30,5.94,3.04,0.18,100g
콩나물,85,5.76,5.25,5.85,114g
콩나물,85,5.76,5.25,5.85,114g
콩샐러드,170,25.00,8.00,4.50,1 cup
콩샐러드,N/A,N/A,N/A,N/A,N/A
콩샐러드,N/A,N/A,N/A,N/A,N/A
쿠키,458,59.10,3.50,24.30,100g
쿠키,110,17.00,1.00,5.00,1 cookie
쿠키,150,20.00,1.00,7.00,1 cookie
퀘사디아,120,0.00,0.00,14.00,1 tbsp
퀘사디아,N/A,N/A,N/A,N/A,N/A
퀘사디아,70,16.00,1.00,0.00,1 can
크래커,502,61.00,7.40,25.30,100g
크래커,90,11.00,2.00,4.00,4 crackers
크래커,428,70.91,9.22,11.35,100g
크랜베리,90,23.00,0.00,1.00,1 oz
크랜베리,46,12.20,0.39,0.13,100g
크랜베리,151,38.90,0.20,0.15,100g
크레페,779,75.37,30.48,38.55,348g
크레페,2349,339.09,58.60,88.86,1277g
크레페,2348,339.03,58.57,88.94,1276g
크로와상,406,45.80,8.20,21.00,100g
크로와상,300,30.00,6.00,17.00,1 croissant
크로와상,N/A,N/A,N/A,N/A,N/A
크림치즈,349,2.66,7.55,34.87,100g
크림치즈,100,1.00,2.00,10.00,1 oz
크림치즈,80,2.00,2.00,7.00,2 tbsp
크림파스타,N/A,N/A,N/A,N/A,N/A
크림파스타,300,42.00,9.00,11.00,1 tray
크림파스타,818,153.32,28.59,8.74,748g
키위,61,14.66,1.14,0.52,100g
키위,90,22.00,2.00,0.00,2 kiwi
키위,100,26.00,2.00,0.00,2 kiwifruit
타코야키,1489,151.25,71.89,64.32,851g
타코야키,N/A,N/A,N/A,N/A,N/A
타코야키,100,17.00,5.00,1.00,3 pieces
탄산음료,38,9.32,0.22,0.07,100g
탄산음료,30,6.96,0.41,0.09,100g
탄산음료,33,7.99,0.30,0.08,100g
토마토,18,3.92,0.88,0.20,100g
토마토,35,2.00,1.00,1.00,1 medium
토마토,18,3.92,0.88,0.20,100g
토마토샐러드,655,36.89,2.83,55.00,556g
토마토샐러드,8,3.00,1.00,1.00,1 serving
토마토샐러드,70,6.00,1.00,4.00,1 serving
토마토주스,17,4.24,0.76,0.05,100g
토마토주스,50,10.00,2.00,0.00,1 serving
토마토주스,30,7.00,1.00,0.00,1 can
토마토파스타소스,50,7.10,2.30,1.40,100g
토마토파스타소스,110,0.00,0.00,12.00,1 tbsp
토마토파스타소스,0,0.00,0.00,0.00,1 can
토스트,293,54.40,9.00,4.00,100g
토스트,282,51.32,9.95,4.42,100g
토스트,293,54.40,9.00,4.00,100g
통닭,250,0.00,21.00,17.00,4 oz
통닭,240,0.00,21.00,17.00,4 oz
통닭,1360,0.00,80.00,80.00,1 serving
통밀빵,259,47.14,9.13,4.11,100g
통밀빵,60,9.00,4.00,1.00,1 slice
통밀빵,110,20.00,5.00,1.00,1 slice
티라미수,3944,340.15,66.47,253.62,1393g
티라미수,330,36.00,4.00,19.00,4 oz
티라미수,210,27.00,2.00,11.00,1 serving
파니니,480,56.00,36.00,14.00,1 sandwich
파니니,650,52.00,31.00,35.00,1 serving
파니니,490,36.00,33.00,22.00,1 panini
파닭,520,26.00,35.00,31.00,1 meal
파닭,230,10.00,16.00,13.00,5 oz
파닭,141,13.00,14.00,3.00,1 cup
파스타,158,30.86,5.80,0.93,101g
파스타,158,30.86,5.80,0.93,101g
파스타,158,30.86,5.80,0.93,101g
파슬리,36,6.33,2.97,0.79,100g
파슬리,36,6.33,2.97,0.79,100g
파슬리,276,51.66,22.42,4.43,100g
파인애플,48,12.63,0.54,0.12,100g
파인애플,78,20.30,0.80,0.20,1 cup
파인애플,48,12.63,0.54,0.12,100g
파전,319,47.50,15.40,8.90,1 pancake
파전,107,11.00,0.00,0.00,1 serving
파전,103,11.00,0.00,0.00,1 serving
파파야,39,9.81,0.61,0.14,100g
파파야,39,9.81,0.61,0.14,100g
파파야,90,23.00,0.30,0.00,1 oz
파프리카,289,55.74,14.76,12.95,100g
파프리카,N/A,N/A,N/A,N/A,N/A
파프리카,470,40.00,55.00,10.00,1 serving
파프리카노랑,289,55.74,14.76,12.95,100g
파프리카노랑,N/A,N/A,N/A,N/A,N/A
파프리카노랑,N/A,N/A,N/A,N/A,N/A
파프리카빨강,289,55.74,14.76,12.95,100g
파프리카빨강,50,12.18,1.00,0.30,100g
파프리카빨강,4446,564.90,81.00,210.28,1204g
팝콘,N/A,N/A,N/A,N/A,N/A
팝콘,500,57.20,9.00,28.10,100g
팝콘,387,77.78,12.94,4.54,100g
팟타이,1892,145.59,64.86,117.81,845g
팟타이,1828,140.22,67.19,109.73,768g
팟타이,101,11.36,5.24,4.08,166g
팥,N/A,N/A,N/A,N/A,N/A
팥,190,39.00,4.00,3.00,1 serving
팥,108,25.00,1.00,1.00,1 piece
팥빙수,N/A,N/A,N/A,N/A,N/A
팥빙수,190,39.00,4.00,3.00,1 serving
팥빙수,108,25.00,1.00,1.00,1 piece
팥죽,108,15.20,5.20,3.16,200g
팥죽,30,5.94,3.04,0.18,100g
팥죽,50,12.18,1.00,0.30,100g
팽이버섯,420,4.00,66.00,14.00,1 serving
팽이버섯,27,5.33,0.82,0.33,100g
팽이버섯,1013,66.54,34.24,70.90,1007g
페퍼로니피자,276,31.46,12.33,11.23,100g
페퍼로니피자,210,29.00,10.00,6.00,1 slice
페퍼로니피자,160,20.00,6.00,4.50,1 slice
펜네파스타,158,30.86,5.80,0.93,101g
펜네파스타,818,153.32,28.59,8.74,748g
펜네파스타,N/A,N/A,N/A,N/A,N/A
포도,69,18.10,0.72,0.16,100g
포도,69,18.10,0.72,0.16,100g
포도,N/A,N/A,N/A,N/A,N/A
폭립,N/A,N/A,N/A,N/A,N/A
폭립,N/A,N/A,N/A,N/A,N/A
폭립,40,0.00,0.00,4.00,2 tbsp
표고버섯,56,14.39,1.56,0.22,100g
표고버섯,N/A,N/A,N/A,N/A,N/A
표고버섯,296,75.37,9.58,0.99,100g
푸딩,N/A,N/A,N/A,N/A,N/A
푸딩,621,110.58,18.07,11.51,570g
푸딩,60,11.00,2.00,1.50,1 snack
풋고추,20,4.64,0.86,0.17,100g
풋고추,N/A,N/A,N/A,N/A,N/A
풋고추,N/A,N/A,N/A,N/A,N/A
프레즐,N/A,N/A,N/A,N/A,N/A
프레즐,310,59.00,8.00,4.00,1 pretzel
프레즐,80,4.00,3.00,5.00,1 container
프렌치토스트,835,105.43,29.41,32.28,342g
프렌치토스트,264,26.70,7.66,13.90,100g
프렌치토스트,210,34.00,8.00,4.00,2 slices
피망,23,5.10,1.10,0.30,100g
피망,N/A,N/A,N/A,N/A,N/A
피망,80,3.00,2.00,6.00,2 tbsp
피스타치오,557,27.97,20.61,44.44,100g
피스타치오,569,27.00,21.35,45.97,100g
피스타치오,N/A,N/A,N/A,N/A,N/A
피자,276,30.33,12.33,11.74,100g
피자,301,31.45,12.09,13.80,100g
피자,256,27.42,10.16,11.68,100g
피칸,691,13.86,9.17,71.97,100g
피칸,N/A,N/A,N/A,N/A,N/A
피칸,691,13.86,9.17,71.97,100g
하와이안피자,250,36.00,11.00,7.00,1 slice
하와이안피자,300,36.00,10.00,11.00,1 serving
하와이안피자,190,27.00,10.00,4.50,1 slice
할라피뇨,30,5.91,1.35,0.62,100g
할라피뇨,5,1.00,0.00,0.00,20 slices
할라피뇨,10,2.00,0.00,0.00,2 tbsp
할라피뇨피클,230,8.83,11.52,16.23,100g
할라피뇨피클,389,22.40,0.90,34.00,100g
할라피뇨피클,117,31.81,0.37,0.26,100g
함박스테이크,253,0.00,27.63,14.97,101g
함박스테이크,1618,58.27,181.39,70.83,1571g
함박스테이크,1326,20.70,115.95,85.71,908g
핫도그,294,22.24,10.66,17.62,100g
핫도그,140,1.00,5.00,13.00,1 frank
핫도그,N/A,N/A,N/A,N/A,N/A
핫소스,0,0.00,0.00,0.00,1 tsp
핫소스,25,1.00,0.00,2.00,1 tbsp
핫소스,5,1.00,0.00,0.00,1 tbsp
핫윙,2878,2.07,244.10,204.12,941g
핫윙,290,0.00,26.86,19.46,101g
핫윙,80,6.00,4.00,4.50,1 serving
핫초코,160,34.00,1.00,2.50,1 envelope
핫초코,153,24.03,7.07,4.40,201g
핫초코,80,15.00,1.00,2.50,1 envelope
핫케이크,227,28.30,6.40,9.70,100g
핫케이크,225,39.29,5.33,5.17,100g
핫케이크,224,39.18,3.56,6.03,100g
해물덮밥,2840,153.35,235.97,144.22,1834g
해물덮밥,2488,167.31,208.13,113.77,1834g
해물덮밥,1198,87.14,87.73,58.53,981g
해물볶음,80,3.00,16.00,0.00,2 oz
해물볶음,798,49.58,72.05,34.68,814g
해물볶음,839,112.06,47.79,21.45,742g
해물찜,80,3.00,16.00,0.00,2 oz
해물찜,798,49.58,72.05,34.68,814g
해물찜,839,112.06,47.79,21.45,742g
해물탕,80,3.00,16.00,0.00,2 oz
해물탕,798,49.58,72.05,34.68,814g
해물탕,839,112.06,47.79,21.45,742g
해바라기씨,110,3.00,4.00,10.00,2 tbsp
해바라기씨,120,0.00,0.00,14.00,1 tbsp
해바라기씨,N/A,N/A,N/A,N/A,N/A
해삼,68,3.10,13.00,0.40,100g
해삼,230,26.00,0.00,0.00,1 serving
해삼,12,2.16,0.59,0.16,100g
해시브라운,210,22.43,2.70,12.80,100g
해시브라운,341,43.84,4.93,17.94,157g
해시브라운,140,18.00,2.00,8.00,1 serving
햄,163,3.83,16.60,8.60,100g
햄,246,0.06,18.49,18.52,100g
햄,162,2.28,18.26,8.39,100g
햄볶음밥,385,44.59,27.66,9.27,257g
햄볶음밥,1546,193.87,58.03,57.38,1023g
햄볶음밥,1708,214.11,60.96,65.71,1011g
햄샌드위치,241,22.84,14.17,10.60,100g
햄샌드위치,280,28.76,13.46,11.96,116g
햄샌드위치,259,27.96,8.29,12.38,85g
햄치즈샌드위치,241,22.84,14.17,10.60,100g
햄치즈샌드위치,420,36.00,25.00,20.00,1 sandwhich
햄치즈샌드위치,420,8.00,30.00,32.00,1 serving
호두,654,13.71,15.23,65.21,100g
호두,120,2.00,2.00,10.00,4 walnuts
호두,N/A,N/A,N/A,N/A,N/A
호두과자,654,13.71,15.23,65.21,100g
호두과자,N/A,N/A,N/A,N/A,N/A
호두과자,120,2.00,2.00,10.00,4 walnuts
호두파이,654,13.71,15.23,65.21,100g
호두파이,120,2.00,2.00,10.00,4 walnuts
호두파이,N/A,N/A,N/A,N/A,N/A
호밀빵,80,14.00,3.00,1.00,1 slice
호밀빵,259,48.30,8.50,3.30,100g
호밀빵,90,15.00,3.00,1.50,1 slice
호박씨,115,19.90,2.71,4.39,251g
호박씨,N/A,N/A,N/A,N/A,N/A
호박씨,26,6.50,1.00,0.10,100g
홍차,1,0.30,0.00,0.00,150g
홍차,1,0.30,0.00,0.00,100g
홍차,0,0.00,0.00,0.00,1 bag
화덕피자,302,3.83,25.96,20.03,100g
화덕피자,1536,40.92,95.04,111.17,515g
화덕피자,230,29.46,8.89,8.52,100g
화이트와인,83,2.60,0.07,0.00,100g
화이트와인,82,2.05,0.07,0.00,100g
화이트와인,114,4.00,0.00,0.00,1 glass
후라이드치킨,260,9.43,24.34,13.20,99g
후라이드치킨,271,9.60,20.53,16.11,97g
후라이드치킨,278,8.47,23.24,16.18,103g
후라이드치킨날개,290,0.00,26.86,19.46,101g
후라이드치킨날개,478,16.18,29.47,31.94,147g
후라이드치킨날개,478,16.18,29.47,31.94,147g
후라이드치킨다리,278,8.47,23.24,16.18,103g
후라이드치킨다리,120,6.00,24.00,4.00,1 leg
후라이드치킨다리,190,11.00,16.00,13.00,1 leg
후랑크소시지,310,2.14,13.26,27.15,100g
후랑크소시지,344,4.27,19.12,27.31,100g
후랑크소시지,339,0.00,19.43,28.36,100g
후추,26,6.03,0.99,0.30,100g
후추,255,64.81,10.95,3.26,100g
후추,26,6.03,0.99,0.30,100g
훈제연어,70,0.00,12.00,2.50,2 oz
훈제연어,117,0.00,18.28,4.32,100g
훈제연어,130,3.00,23.00,2.50,3 oz
훈제오리,337,0.00,18.99,28.35,100g
훈제오리,337,0.00,18.99,28.35,100g
훈제오리,201,0.00,23.48,11.20,100g
훈제오리샐러드,337,0.00,18.99,28.35,100g
훈제오리샐러드,337,0.00,18.99,28.35,100g
훈제오리샐러드,201,0.00,23.48,11.20,100g
훈제치킨,70,1.00,12.00,2.00,2 oz
훈제치킨,110,0.00,23.09,1.24,100g
훈제치킨,200,0.00,18.00,14.00,1 serving
흰죽,364,76.31,10.33,0.98,100g
흰죽,420,26.62,10.76,30.29,289g
흰죽,1700,215.18,69.14,60.14,459g
